clust,clust_logFCS,clust_logFCS_predict
10101016,3.6660154,3.5493107
10202514,3.7188785,3.7860594
10304012,3.7998304,4.0720782
10503367,3.8448913,3.6407101
10509319,3.6879361,3.6407413
10746033,3.7841516,3.7627892
20113112,3.8374259,3.6650784
20206362,3.8953035,3.6835129
20407398,3.8047087,3.5828931
20508349,3.6172888,3.8259139
20607315,3.6439795,3.7459049
20615064,3.4990628,3.580363
20807727,3.4933577,3.7055957
20808421,3.6403515,3.6272228
20908088,3.6665723,3.8888235
20909113,3.84376,3.7792957
21052427,4.0433965,4.0529971
30101280,3.7008128,3.6864142
30105325,3.7441485,3.7804797
30108401,3.6215286,3.6913476
30305277,3.862515,3.7519889
30406710,3.9374404,3.7609718
30504518,3.8079872,3.7202575
30708665,3.9977124,3.8434739
30711684,3.8358147,3.7709289
30806611,3.7830768,3.6676321
31002169,3.8918312,3.9708772
31108703,3.7758429,3.8839049
31436695,4.1514988,4.1924067
31554613,3.8444798,3.9202168
10101204,3.8362947,3.7247393
10101215,3.6930976,3.6911457
10102004,3.6518881,3.7267525
10203176,3.7350838,3.7801912
10220705,3.9886575,4.0669389
10305446,3.7446616,4.0498481
10401140,3.93312,3.9359722
10401502,3.7440948,3.6762774
10501505,3.7857857,3.6670091
10501709,3.7116849,3.6364
10505310,3.8871653,3.6670721
10510388,3.9496818,3.6592803
10732192,4.2388158,4.0070753
10735173,3.9722149,4.1072626
10736596,3.8195713,3.9784849
10746244,3.7748787,3.8148663
20115434,3.9916737,3.6554384
20302539,3.8403809,3.6636264
20305301,3.8244824,3.6994336
20306557,3.8742146,3.630549
20404032,3.7777686,3.6817374
20407481,3.9021387,3.771878
20601141,3.7166927,3.5438111
20603090,3.5496531,3.5831535
20607260,3.9362974,3.8826759
20615735,3.7444925,3.6577184
20706163,3.5289705,3.6934898
20803156,3.5693336,3.5734372
20804405,3.6268327,3.6564417
20804768,3.4981892,3.5204666
20906524,3.6486998,3.641284
21037030,4.1787114,4.0729246
21037536,4.0011086,3.9960346
21053745,4.2960067,4.2379212
21055241,4.1393027,4.1870403
21055693,4.1048226,4.1552577
21074510,3.8897817,3.8442452
21077725,4.4301381,4.6489329
21080308,3.8571975,3.8509557
21081573,4.1035881,3.8488939
21088597,3.9184604,3.7884831
30103074,3.6246924,3.661355
30104708,3.6686556,3.6387401
30105448,3.6704962,3.6260037
30109724,3.7689302,3.672689
30212307,3.7852209,3.5712435
30212492,3.7130654,3.5448964
30307678,4.0658445,4.0503211
30403444,4.0676599,3.7964766
30602235,4.0440907,3.7376392
30703381,3.7745514,3.7161548
30704313,3.8609583,3.6887693
30709438,3.9285622,3.729861
30801679,3.7701697,3.7849078
30803115,3.7868888,3.7137554
30804416,3.9609897,3.9663661
30901603,3.7418106,3.4991488
31007335,3.7601032,3.6830895
31201007,3.7442036,3.7778118
31201197,3.6866508,3.7461262
31432523,3.8576705,3.8059554
31432676,4.307807,4.118103
31438690,4.0041785,3.8101101
31443108,4.1439509,4.0995865
31443270,4.1076107,3.9597065
31540419,4.0758004,4.0483131
31545384,3.9102142,3.8990457
31555614,4.0183487,3.8517313
10103414,3.8182402,3.661145
10203744,3.9712291,3.8050463
10204322,3.7441885,3.7433741
10204586,3.9448898,3.9842365
10220103,3.745857,3.812407
10301663,3.7006366,3.8933022
10308636,3.7242777,3.8280683
10404186,3.6038883,3.8161187
10502268,4.0880117,3.6042624
10502593,3.8565178,3.6881087
10505136,3.8771565,3.5650921
10505508,3.8044646,3.6545477
10733640,4.4177699,4.5103226
20106042,3.9529483,3.7031109
20110620,3.9882655,3.6707125
20111718,3.782285,3.612174
20303065,3.9465747,3.5933626
20404575,3.8390801,3.6368144
20601626,3.9228625,4.0016065
20602363,4.0240684,3.8825507
20603533,3.9198496,3.8360436
20604638,3.6902764,3.5512223
20605302,3.4244342,3.5477438
20610050,3.6624522,3.5907848
20610249,3.6410766,3.6525643
20613324,3.6560838,3.5753005
20614477,3.8188958,3.6828055
20704738,3.6584873,3.5982754
20801046,3.6556187,3.6173241
20906605,3.6803482,3.6844742
21066096,4.0570364,4.0317364
21066339,4.0009079,3.9177706
30101545,3.933511,3.6374214
30102028,3.9245605,3.6592317
30102540,3.888823,3.6695781
30206341,3.9735847,3.7332978
30206572,3.7099979,3.604624
30302601,3.8880391,3.5461226
30305082,3.7848067,3.7025409
30305580,3.7995741,3.6275401
30501383,3.8336868,3.7386813
30620196,4.070292,4.0249324
30705391,3.8762567,3.8098288
30706619,3.9872594,3.9406707
30801672,3.8244545,3.6393108
30901054,3.7324572,3.441958
30901475,3.8186865,3.4872644
31004312,3.9912584,3.7242913
31006556,3.8286057,3.6808622
31201104,3.8511894,3.7298505
31201516,3.7493882,3.7097237
31435120,4.1048164,3.92803
31439102,4.1718726,4.1767864
31532674,3.9400933,3.8648369
31533095,4.0186462,3.8720293
31536751,4.0405884,3.9288671
31546760,4.1376033,4.008563
31550254,4.3435025,4.4570317
